{"Position":{"x":-1.1548399042604629e-10,"y":0.6000000238418579,"z":-1.8300053694630947e-9},"EventName":"playerPosition"}
{"Position":{"x":-2.3207669119784669e-10,"y":0.6000001430511475,"z":-5.563757898841004e-9},"EventName":"playerPosition"}
{"Position":{"x":-2.330112214288249e-10,"y":0.6000001430511475,"z":-5.593717489205119e-9},"EventName":"playerPosition"}
{"Position":{"x":-2.328336412560361e-10,"y":0.6000001430511475,"z":-5.588030926872989e-9},"EventName":"playerPosition"}
{"Position":{"x":-2.328304354870525e-10,"y":0.6000001430511475,"z":-5.5879283422655139e-9},"EventName":"playerPosition"}
{"Position":{"x":-3.4831471040774888e-10,"y":0.6000001430511475,"z":-9.283425583817007e-9},"EventName":"playerPosition"}
{"Position":{"x":-5.803916236502005e-10,"y":0.6000001430511475,"z":-1.670988503121862e-8},"EventName":"playerPosition"}
{"Position":{"x":-5.820831594505194e-10,"y":0.6000001430511475,"z":-1.6764014176828824e-8},"EventName":"playerPosition"}
{"Position":{"x":-5.820765536235228e-10,"y":0.6000001430511475,"z":-1.6763802790364936e-8},"EventName":"playerPosition"}
{"Position":{"x":-5.820770532238839e-10,"y":0.6000001430511475,"z":-1.676381877757649e-8},"EventName":"playerPosition"}
{"Position":{"x":-5.820770532238839e-10,"y":0.6000001430511475,"z":-1.676381877757649e-8},"EventName":"playerPosition"}
{"Position":{"x":-5.820770532238839e-10,"y":0.6000001430511475,"z":-1.676381877757649e-8},"EventName":"playerPosition"}
{"Position":{"x":-5.820770532238839e-10,"y":0.6000001430511475,"z":-1.676381877757649e-8},"EventName":"playerPosition"}
{"Position":{"x":-5.820770532238839e-10,"y":0.6000001430511475,"z":-1.676381877757649e-8},"EventName":"playerPosition"}
{"Position":{"x":-5.820770532238839e-10,"y":0.6000001430511475,"z":-1.676381877757649e-8},"EventName":"playerPosition"}
{"Position":{"x":-5.820770532238839e-10,"y":0.6000001430511475,"z":-1.676381877757649e-8},"EventName":"playerPosition"}
{"Position":{"x":-5.820770532238839e-10,"y":0.6000001430511475,"z":-1.676381877757649e-8},"EventName":"playerPosition"}
{"Position":{"x":-4.665930419811559e-10,"y":0.6000001430511475,"z":-1.491607370951442e-8},"EventName":"playerPosition"}
{"Position":{"x":-2.3132293858196819e-9,"y":0.6000001430511475,"z":-2.9680297330969553e-8},"EventName":"playerPosition"}
{"Position":{"x":-2.793078213159106e-9,"y":0.6000001430511475,"z":-2.6129491459414568e-8},"EventName":"playerPosition"}
{"Position":{"x":-7.431079307451682e-9,"y":0.6000001430511475,"z":-4.451889168421985e-8},"EventName":"playerPosition"}
{"Position":{"x":-3.759399014313658e-9,"y":0.6000001430511475,"z":-2.99554798743884e-8},"EventName":"playerPosition"}
{"Position":{"x":7.366773857597764e-9,"y":0.6000000238418579,"z":1.4565607386884949e-8},"EventName":"playerPosition"}
{"Position":{"x":-2.9487177144460476e-8,"y":0.6000001430511475,"z":-7.372203469913075e-8},"EventName":"playerPosition"}
{"Position":{"x":-1.507681446355491e-8,"y":0.6000001430511475,"z":-3.029494521911147e-8},"EventName":"playerPosition"}
{"Position":{"x":-1.4879511844867466e-8,"y":0.6000000238418579,"z":-4.4518731812104309e-8},"EventName":"playerPosition"}
{"Position":{"x":-1.490067447207366e-8,"y":0.6000000238418579,"z":-4.4724764336478987e-8},"EventName":"playerPosition"}
{"Position":{"x":-1.4901193168270767e-8,"y":0.6000000238418579,"z":-4.470398451417168e-8},"EventName":"playerPosition"}
{"Position":{"x":0.04186724126338959,"y":0.6000000238418579,"z":0.04297800362110138},"EventName":"playerPosition"}
{"Position":{"x":0.08373449742794037,"y":0.6000000238418579,"z":0.08595605194568634},"EventName":"playerPosition"}
{"Position":{"x":0.12560175359249116,"y":0.6000000238418579,"z":0.1289341002702713},"EventName":"playerPosition"}
{"Position":{"x":0.16746900975704194,"y":0.6000000238418579,"z":0.17191214859485627},"EventName":"playerPosition"}
{"Position":{"x":0.2093362659215927,"y":0.6000000238418579,"z":0.21489019691944123},"EventName":"playerPosition"}
{"Position":{"x":0.2512035071849823,"y":0.6000001430511475,"z":0.2578682005405426},"EventName":"playerPosition"}
{"Position":{"x":0.37624165415763857,"y":0.6000001430511475,"z":0.38734903931617739},"EventName":"playerPosition"}
{"Position":{"x":0.45952507853507998,"y":0.6000001430511475,"z":0.47374239563941958},"EventName":"playerPosition"}
{"Position":{"x":0.5425825119018555,"y":0.6000001430511475,"z":0.560353696346283},"EventName":"playerPosition"}
{"Position":{"x":0.6256399154663086,"y":0.6000001430511475,"z":0.646964967250824},"EventName":"playerPosition"}
{"Position":{"x":0.7086973190307617,"y":0.6000001430511475,"z":0.733576238155365},"EventName":"playerPosition"}
{"Position":{"x":0.7917547225952148,"y":0.6000001430511475,"z":0.820187509059906},"EventName":"playerPosition"}
{"Position":{"x":0.874812126159668,"y":0.6000001430511475,"z":0.906798779964447},"EventName":"playerPosition"}
{"Position":{"x":0.9578695297241211,"y":0.6000001430511475,"z":0.993410050868988},"EventName":"playerPosition"}
{"Position":{"x":1.0409269332885743,"y":0.6000001430511475,"z":1.0800212621688843},"EventName":"playerPosition"}
{"Position":{"x":1.1239843368530274,"y":0.6000001430511475,"z":1.1666324138641358},"EventName":"playerPosition"}
{"Position":{"x":1.2070417404174805,"y":0.6000001430511475,"z":1.2532436847686768},"EventName":"playerPosition"}
{"Position":{"x":1.2900991439819337,"y":0.6000001430511475,"z":1.3398549556732178},"EventName":"playerPosition"}
{"Position":{"x":1.3731563091278077,"y":0.6000001430511475,"z":1.4264662265777588},"EventName":"playerPosition"}
{"Position":{"x":1.4562134742736817,"y":0.6000001430511475,"z":1.5130774974822999},"EventName":"playerPosition"}
{"Position":{"x":1.5392706394195557,"y":0.6000001430511475,"z":1.5996887683868409},"EventName":"playerPosition"}
{"Position":{"x":1.7053849697113038,"y":0.6000001430511475,"z":1.7729113101959229},"EventName":"playerPosition"}
{"Position":{"x":1.788215160369873,"y":0.6000001430511475,"z":1.8597396612167359},"EventName":"playerPosition"}
{"Position":{"x":1.8710453510284424,"y":0.6000001430511475,"z":1.9465680122375489},"EventName":"playerPosition"}
{"Position":{"x":1.9538755416870118,"y":0.6000001430511475,"z":2.0333962440490724},"EventName":"playerPosition"}
{"Position":{"x":2.036705732345581,"y":0.6000000238418579,"z":2.1202244758605959},"EventName":"playerPosition"}
{"Position":{"x":2.1193082332611086,"y":0.6000000238418579,"z":2.2072694301605226},"EventName":"playerPosition"}
{"Position":{"x":2.2019107341766359,"y":0.6000000238418579,"z":2.294314384460449},"EventName":"playerPosition"}
{"Position":{"x":2.284513235092163,"y":0.6000000238418579,"z":2.381359338760376},"EventName":"playerPosition"}
{"Position":{"x":2.3671157360076906,"y":0.6000000238418579,"z":2.4684042930603029},"EventName":"playerPosition"}
{"Position":{"x":2.4494900703430177,"y":0.6000001430511475,"z":2.5556652545928957},"EventName":"playerPosition"}
{"Position":{"x":2.5314064025878908,"y":0.6000000238418579,"z":2.6433563232421877},"EventName":"playerPosition"}
{"Position":{"x":2.6126315593719484,"y":0.6000001430511475,"z":2.7316880226135256},"EventName":"playerPosition"}
{"Position":{"x":2.692927360534668,"y":0.6000001430511475,"z":2.8208653926849367},"EventName":"playerPosition"}
{"Position":{"x":2.771575450897217,"y":0.6000001430511475,"z":2.911499261856079},"EventName":"playerPosition"}
{"Position":{"x":2.8090901374816896,"y":0.6000001430511475,"z":2.958325147628784},"EventName":"playerPosition"}
{"Position":{"x":2.8437187671661379,"y":0.6000001430511475,"z":3.007323741912842},"EventName":"playerPosition"}
{"Position":{"x":2.8437187671661379,"y":0.6000001430511475,"z":3.007323741912842},"EventName":"playerPosition"}
{"Position":{"x":2.8437187671661379,"y":0.6000001430511475,"z":3.007323741912842},"EventName":"playerPosition"}
{"Position":{"x":2.8437187671661379,"y":0.6000001430511475,"z":3.007323741912842},"EventName":"playerPosition"}
{"Position":{"x":2.8437187671661379,"y":0.6000000238418579,"z":3.007323741912842},