{"Position":{"x":-2.706656730341872e-12,"y":0.6000001430511475,"z":-6.929041229675192e-10},"EventName":"playerPosition"}
{"Position":{"x":-1.8070371587963764e-11,"y":0.6000001430511475,"z":-1.8543970803364119e-9},"EventName":"playerPosition"}
{"Position":{"x":-7.228882770160539e-11,"y":0.6000001430511475,"z":-2.7821145387463277e-9},"EventName":"playerPosition"}
{"Position":{"x":-5.778654776911196e-10,"y":0.6000001430511475,"z":-1.6643230793533804e-8},"EventName":"playerPosition"}
{"Position":{"x":4.5648190782898725e-10,"y":0.6000000238418579,"z":-1.567812546454661e-10},"EventName":"playerPosition"}
{"Position":{"x":-3.6961680383029717e-9,"y":0.6000001430511475,"z":-2.210148153380942e-8},"EventName":"playerPosition"}
{"Position":{"x":-7.420881686925895e-9,"y":0.6000001430511475,"z":-4.445457335577885e-8},"EventName":"playerPosition"}
{"Position":{"x":1.7824728359983056e-9,"y":0.6000000238418579,"z":-4.027604916245764e-10},"EventName":"playerPosition"}
{"Position":{"x":-1.1053559845208838e-8,"y":0.6000001430511475,"z":-4.42026681923835e-8},"EventName":"playerPosition"}
{"Position":{"x":-1.4800821901417294e-8,"y":0.6000001430511475,"z":-4.4563250867213358e-8},"EventName":"playerPosition"}
{"Position":{"x":-4.078638937698997e-8,"y":0.600000262260437,"z":-1.0385352311459428e-7},"EventName":"playerPosition"}
{"Position":{"x":-1.4862131081372354e-8,"y":0.6000000238418579,"z":1.5727863456049818e-10},"EventName":"playerPosition"}
{"Position":{"x":-7.510241317731925e-9,"y":0.6000000238418579,"z":-1.478217459549569e-8},"EventName":"playerPosition"}
{"Position":{"x":-1.1134726918271554e-8,"y":0.6000001430511475,"z":-4.4487784123248278e-8},"EventName":"playerPosition"}
{"Position":{"x":-1.1140519617924838e-8,"y":0.6000001430511475,"z":-5.934435165499963e-8},"EventName":"playerPosition"}
{"Position":{"x":3.7478788961209379e-9,"y":0.6000000238418579,"z":2.99376488044345e-8},"EventName":"playerPosition"}
{"Position":{"x":-1.2903997870239437e-8,"y":0.6000001430511475,"z":-5.888691489985831e-8},"EventName":"playerPosition"}
{"Position":{"x":-7.49574446956558e-9,"y":0.6000000238418579,"z":-3.0043196375117989e-8},"EventName":"playerPosition"}
{"Position":{"x":-1.1266454436054119e-10,"y":0.6000000238418579,"z":-5.214104703554767e-10},"EventName":"playerPosition"}
{"Position":{"x":-9.041781767749058e-10,"y":0.6000001430511475,"z":-2.208303229167541e-8},"EventName":"playerPosition"}
{"Position":{"x":-1.4287884209096547e-9,"y":0.6000001430511475,"z":-1.5174363099390577e-8},"EventName":"playerPosition"}
{"Position":{"x":4.685959953398822e-10,"y":0.6000000238418579,"z":2.356535799830084e-11},"EventName":"playerPosition"}
{"Position":{"x":4.657054741841193e-10,"y":0.6000000238418579,"z":3.452394620184762e-13},"EventName":"playerPosition"}
{"Position":{"x":4.656611485298612e-10,"y":0.6000000238418579,"z":-8.825304040078336e-16},"EventName":"playerPosition"}
{"Position":{"x":4.6566125955216366e-10,"y":0.6000000238418579,"z":1.8589329167577699e-18},"EventName":"playerPosition"}
{"Position":{"x":4.6566125955216366e-10,"y":0.6000000238418579,"z":-5.663788372211836e-20},"EventName":"playerPosition"}
{"Position":{"x":4.6566125955216366e-10,"y":0.6000000238418579,"z":5.684806837706352e-23},"EventName":"playerPosition"}
{"Position":{"x":4.6566125955216366e-10,"y":0.6000000238418579,"z":-3.1681048384128447e-26},"EventName":"playerPosition"}
{"Position":{"x":4.6566125955216366e-10,"y":0.6000000238418579,"z":-1.0183516359062838e-26},"EventName":"playerPosition"}
{"Position":{"x":4.6566125955216366e-10,"y":0.6000000238418579,"z":1.5841682590777523e-29},"EventName":"playerPosition"}
{"Position":{"x":4.6566125955216366e-10,"y":0.6000000238418579,"z":-2.3163868499337702e-32},"EventName":"playerPosition"}
{"Position":{"x":4.6566125955216366e-10,"y":0.6000000238418579,"z":-5.862072778115666e-34},"EventName":"playerPosition"}
{"Position":{"x":4.6566125955216366e-10,"y":0.6000000238418579,"z":1.2397418899625672e-36},"EventName":"playerPosition"}
{"Position":{"x":4.6566125955216366e-10,"y":0.6000000238418579,"z":0.0},"EventName":"playerPosition"}
{"Position":{"x":4.6566125955216366e-10,"y":0.6000000238418579,"z":0.0},"EventName":"playerPosition"}
{"Position":{"x":4.6566125955216366e-10,"y":0.6000000238418579,"z":0.0},"EventName":"playerPosition"}
{"Position":{"x":4.6566125955216366e-10,"y":0.6000000238418579,"z":0.0},"EventName":"playerPosition"}
{"Position":{"x":4.6566125955216366e-10,"y":0.6000000238418579,"z":0.0},"EventName":"playerPosition"}
{"Position":{"x":4.6566125955216366e-10,"y":0.6000000238418579,"z":0.0},"EventName":"playerPosition"}
{"Position":{"x":4.6566125955216366e-10,"y":0.6000000238418579,"z":0.0},"EventName":"playerPosition"}
{"Position":{"x":4.6566125955216366e-10,"y":0.6000000238418579,"z":0.0},"EventName":"playerPosition"}
