{"Position":{"x":0.0,"y":0.6000000238418579,"z":0.0},"EventName":"playerPosition"}
{"Position":{"x":0.0,"y":0.6000000238418579,"z":0.0},"EventName":"playerPosition"}
{"Position":{"x":0.0,"y":0.6000000238418579,"z":0.0},"EventName":"playerPosition"}
{"Position":{"x":0.0,"y":0.6000000238418579,"z":0.0},"EventName":"playerPosition"}
{"Position":{"x":0.0,"y":0.6000000238418579,"z":0.0},"EventName":"playerPosition"}
{"Position":{"x":0.0,"y":0.6000000238418579,"z":0.0},"EventName":"playerPosition"}
{"Position":{"x":0.0,"y":0.6000000238418579,"z":0.0},"EventName":"playerPosition"}
{"Position":{"x":0.0,"y":0.6000000238418579,"z":0.0},"EventName":"playerPosition"}
{"Position":{"x":0.0,"y":0.6000000238418579,"z":0.0},"EventName":"playerPosition"}
{"Position":{"x":0.0,"y":0.6000000238418579,"z":0.0},"EventName":"playerPosition"}
{"Position":{"x":0.0,"y":0.6000000238418579,"z":0.0},"EventName":"playerPosition"}
{"Position":{"x":0.0,"y":0.6000000238418579,"z":0.0},"EventName":"playerPosition"}
{"Position":{"x":0.0,"y":0.6000000238418579,"z":0.0},"EventName":"playerPosition"}
{"Position":{"x":0.0,"y":0.6000000238418579,"z":0.0},"EventName":"playerPosition"}
{"Position":{"x":0.0,"y":0.6000000238418579,"z":0.0},"EventName":"playerPosition"}
{"Position":{"x":0.0,"y":0.6000000238418579,"z":0.0},"EventName":"playerPosition"}
{"Position":{"x":0.0,"y":0.6000000238418579,"z":0.0},"EventName":"playerPosition"}
{"Position":{"x":0.0,"y":0.6000000238418579,"z":0.0},"EventName":"playerPosition"}
{"Position":{"x":0.0,"y":0.6000000238418579,"z":0.0},"EventName":"playerPosition"}
{"Position":{"x":0.0,"y":0.6000000238418579,"z":0.0},"EventName":"playerPosition"}
{"Position":{"x":0.0,"y":0.6000000238418579,"z":0.0},"EventName":"playerPosition"}
{"Position":{"x":0.0,"y":0.6000000238418579,"z":0.0},"EventName":"playerPosition"}
{"Position":{"x":0.0,"y":0.6000000238418579,"z":0.0},"EventName":"playerPosition"}
{"Position":{"x":0.0,"y":0.6000000238418579,"z":0.0},"EventName":"playerPosition"}
{"Position":{"x":0.0,"y":0.6000000238418579,"z":0.0},"EventName":"playerPosition"}
{"Position":{"x":0.0,"y":0.6000000238418579,"z":0.0},"EventName":"playerPosition"}
{"Position":{"x":0.0,"y":0.6000000238418579,"z":0.0},"EventName":"playerPosition"}
{"Position":{"x":0.0,"y":0.6000000238418579,"z":0.0},"EventName":"playerPosition"}
{"Position":{"x":0.0,"y":0.6000000238418579,"z":0.0},"EventName":"playerPosition"}
{"Position":{"x":0.0,"y":0.6000000238418579,"z":0.0},"EventName":"playerPosition"}
{"Position":{"x":0.0,"y":0.6000000238418579,"z":0.0},"EventName":"playerPosition"}
{"Position":{"x":0.0,"y":0.6000000238418579,"z":0.0},"EventName":"playerPosition"}
{"Position":{"x":0.0,"y":0.6000000238418579,"z":0.0},"EventName":"playerPosition"}
{"Position":{"x":0.0,"y":0.6000000238418579,"z":0.0},"EventName":"playerPosition"}
{"Position":{"x":0.0,"y":0.6000000238418579,"z":0.0},"EventName":"playerPosition"}
{"Position":{"x":0.0,"y":0.6000000238418579,"z":0.0},"EventName":"playerPosition"}
{"Position":{"x":0.0,"y":0.6000000238418579,"z":0.0},"EventName":"playerPosition"}
{"Position":{"x":0.0,"y":0.6000000238418579,"z":0.0},"EventName":"playerPosition"}
{"Position":{"x":0.0,"y":0.6000000238418579,"z":0.0},"EventName":"playerPosition"}
{"Position":{"x":0.0,"y":0.6000000238418579,"z":0.0},"EventName":"playerPosition"}
{"Position":{"x":0.0,"y":0.6000000238418579,"z":0.0},"EventName":"playerPosition"}
{"Position":{"x":0.0,"y":0.6000000238418579,"z":0.0},"EventName":"playerPosition"}
{"Position":{"x":0.0,"y":0.6000000238418579,"z":0.0},"EventName":"playerPosition"}
{"Position":{"x":0.0,"y":0.6000000238418579,"z":0.0},"EventName":"playerPosition"}
{"Position":{"x":0.0,"y":0.6000000238418579,"z":0.0},"EventName":"playerPosition"}
{"Position":{"x":0.0,"y":0.6000000238418579,"z":0.0},"EventName":"playerPosition"}
{"Position":{"x":0.0,"y":0.6000000238418579,"z":0.0},"EventName":"playerPosition"}
{"Position":{"x":0.0,"y":0.6000000238418579,"z":0.0},"EventName":"playerPosition"}
{"Position":{"x":0.0,"y":0.6000000238418579,"z":0.0},"EventName":"playerPosition"}
{"Position":{"x":0.0,"y":0.6000000238418579,"z":0.0},"EventName":"playerPosition"}
{"Position":{"x":0.0,"y":0.6000000238418579,"z":0.0},"EventName":"playerPosition"}
{"Position":{"x":0.0,"y":0.6000000238418579,"z":0.0},"EventName":"playerPosition"}
{"Position":{"x":0.0,"y":0.6000000238418579,"z":0.0},"EventName":"playerPosition"}
{"Position":{"x":0.0,"y":0.6000000238418579,"z":0.0},"EventName":"playerPosition"}
{"Position":{"x":0.0,"y":0.6000000238418579,"z":0.0},"EventName":"playerPosition"}
{"Position":{"x":0.0,"y":0.6000000238418579,"z":0.0},"EventName":"playerPosition"}
{"Position":{"x":0.0,"y":0.6000000238418579,"z":0.0},"EventName":"playerPosition"}
{"Position":{"x":0.0,"y":0.6000000238418579,"z":0.0},"EventName":"playerPosition"}
{"Position":{"x":0.0,"y":0.6000000238418579,"z":0.0},"EventName":"playerPosition"}
{"Position":{"x":0.0,"y":0.6000000238418579,"z":0.0},"EventName":"playerPosition"}
{"Position":{"x":0.0,"y":0.6000000238418579,"z":0.0},"EventName":"playerPosition"}
{"Position":{"x":0.0,"y":0.6000000238418579,"z":0.0},"EventName":"playerPosition"}
{"Position":{"x":0.0,"y":0.6000000238418579,"z":0.0},"EventName":"playerPosition"}
{"Position":{"x":0.0,"y":0.6000000238418579,"z":0.0},"EventName":"playerPosition"}
