{"Position":{"x":-0.00989532470703125,"y":0.6000001430511475,"z":0.41988277435302737},"EventName":"playerPosition"}
{"Position":{"x":-0.00989532470703125,"y":0.6000001430511475,"z":0.41988277435302737},"EventName":"playerPosition"}
{"Position":{"x":-0.00989532470703125,"y":0.6000001430511475,"z":0.41988277435302737},"EventName":"playerPosition"}
{"Position":{"x":-0.009895325638353825,"y":0.6000001430511475,"z":0.41988277435302737},"EventName":"playerPosition"}
{"Position":{"x":-0.0098953265696764,"y":0.6000001430511475,"z":0.41988277435302737},"EventName":"playerPosition"}
{"Position":{"x":-0.009895330294966698,"y":0.6000001430511475,"z":0.41988280415534975},"EventName":"playerPosition"}
{"Position":{"x":-0.00989534705877304,"y":0.6000001430511475,"z":0.4198828637599945},"EventName":"playerPosition"}
{"Position":{"x":-0.009895328432321549,"y":0.6000001430511475,"z":0.41988280415534975},"EventName":"playerPosition"}
{"Position":{"x":-0.009895369410514832,"y":0.600000262260437,"z":0.4198828935623169},"EventName":"playerPosition"}
{"Position":{"x":-0.009895354509353638,"y":0.6000001430511475,"z":0.4198828339576721},"EventName":"playerPosition"}
{"Position":{"x":-0.009895384311676026,"y":0.6000001430511475,"z":0.4198828935623169},"EventName":"playerPosition"}
{"Position":{"x":-0.009895369410514832,"y":0.6000001430511475,"z":0.4198828637599945},"EventName":"playerPosition"}
{"Position":{"x":-0.009895414113998413,"y":0.600000262260437,"z":0.4198829233646393},"EventName":"playerPosition"}
{"Position":{"x":-0.009895325638353825,"y":0.6000000238418579,"z":0.41988301277160647},"EventName":"playerPosition"}
{"Position":{"x":-0.009895369410514832,"y":0.6000001430511475,"z":0.4198830723762512},"EventName":"playerPosition"}
{"Position":{"x":-0.009895391762256623,"y":0.6000001430511475,"z":0.4198831617832184},"EventName":"playerPosition"}
{"Position":{"x":-0.009895325638353825,"y":0.6000000238418579,"z":0.41988322138786318},"EventName":"playerPosition"}
{"Position":{"x":-0.00989532470703125,"y":0.6000000238418579,"z":0.41988322138786318},"EventName":"playerPosition"}
{"Position":{"x":-0.009895332157611847,"y":0.6000000238418579,"z":0.41988328099250796},"EventName":"playerPosition"}
{"Position":{"x":-0.009895369410514832,"y":0.6000001430511475,"z":0.4198833405971527},"EventName":"playerPosition"}
{"Position":{"x":-0.009895361959934235,"y":0.6000001430511475,"z":0.4198833405971527},"EventName":"playerPosition"}
{"Position":{"x":-0.009895317256450653,"y":0.6000000238418579,"z":0.41988322138786318},"EventName":"playerPosition"}
{"Position":{"x":-0.009895375929772854,"y":0.6000001430511475,"z":0.419883131980896},"EventName":"playerPosition"}
{"Position":{"x":-0.009895332157611847,"y":0.6000001430511475,"z":0.4198830723762512},"EventName":"playerPosition"}
{"Position":{"x":-0.009895317256450653,"y":0.6000000238418579,"z":0.41988301277160647},"EventName":"playerPosition"}
{"Position":{"x":-0.00989532470703125,"y":0.6000000238418579,"z":0.41988301277160647},"EventName":"playerPosition"}
{"Position":{"x":-0.009895339608192444,"y":0.6000001430511475,"z":0.4198830723762512},"EventName":"playerPosition"}
{"Position":{"x":-0.009895339608192444,"y":0.6000001430511475,"z":0.41988301277160647},"EventName":"playerPosition"}
{"Position":{"x":-0.009895369410514832,"y":0.6000001430511475,"z":0.4198828935623169},"EventName":"playerPosition"}
{"Position":{"x":-0.009895384311676026,"y":0.6000001430511475,"z":0.4198828935623169},"EventName":"playerPosition"}
{"Position":{"x":-0.009895325638353825,"y":0.6000000238418579,"z":0.41988277435302737},"EventName":"playerPosition"}
{"Position":{"x":-0.009895339608192444,"y":0.6000001430511475,"z":0.41988280415534975},"EventName":"playerPosition"}
{"Position":{"x":-0.009895369410514832,"y":0.6000001430511475,"z":0.4198828637599945},"EventName":"playerPosition"}
{"Position":{"x":-0.009895384311676026,"y":0.6000001430511475,"z":0.4198828935623169},"EventName":"playerPosition"}
{"Position":{"x":-0.009895384311676026,"y":0.6000001430511475,"z":0.4198828637599945},"EventName":"playerPosition"}
{"Position":{"x":-0.009895325638353825,"y":0.6000000238418579,"z":0.41988280415534975},"EventName":"playerPosition"}
{"Position":{"x":-0.00989538338035345,"y":0.6000001430511475,"z":0.4198828339576721},"EventName":"playerPosition"}
{"Position":{"x":-0.00989539921283722,"y":0.6000001430511475,"z":0.4198828637599945},"EventName":"playerPosition"}
{"Position":{"x":-0.009895354509353638,"y":0.6000001430511475,"z":0.41988280415534975},"EventName":"playerPosition"}
{"Position":{"x":-0.009895369410514832,"y":0.6000000238418579,"z":0.4198828637599945},"EventName":"playerPosition"}
{"Position":{"x":-0.00989538338035345,"y":0.6000001430511475,"z":0.4198828339576721},"EventName":"playerPosition"}
{"Position":{"x":-0.009895384311676026,"y":0.6000001430511475,"z":0.4198828339576721},"EventName":"playerPosition"}
{"Position":{"x":-0.009895487688481808,"y":0.600000262260437,"z":0.41988295316696169},"EventName":"playerPosition"}
{"Position":{"x":-0.009895355440676213,"y":0.6000000238418579,"z":0.41988301277160647},"EventName":"playerPosition"}
{"Position":{"x":-0.00989545788615942,"y":0.6000001430511475,"z":0.41988295316696169},"EventName":"playerPosition"}
{"Position":{"x":-0.009895400144159794,"y":0.6000001430511475,"z":0.4198828935623169},"EventName":"playerPosition"}
{"Position":{"x":-0.009895414113998413,"y":0.6000001430511475,"z":0.4198828935623169},"EventName":"playerPosition"}
{"Position":{"x":-0.009895355440676213,"y":0.6000000238418579,"z":0.41988280415534975},"EventName":"playerPosition"}
{"Position":{"x":-0.00989539921283722,"y":0.6000001430511475,"z":0.4198828339576721},"EventName":"playerPosition"}
{"Position":{"x":-0.009895384311676026,"y":0.6000000238418579,"z":0.41988277435302737},"EventName":"playerPosition"}
{"Position":{"x":-0.009895384311676026,"y":0.6000000238418579,"z":0.41988277435302737},"EventName":"playerPosition"}
{"Position":{"x":-0.009895414113998413,"y":0.6000001430511475,"z":0.4198828339576721},"EventName":"playerPosition"}
{"Position":{"x":-0.009895384311676026,"y":0.6000001430511475,"z":0.4198828637599945},"EventName":"playerPosition"}
{"Position":{"x":-0.009895414113998413,"y":0.6000001430511475,"z":0.4198828935623169},"EventName":"playerPosition"}
{"Position":{"x":-0.009895414113998413,"y":0.6000001430511475,"z":0.4198828935623169},"EventName":"playerPosition"}
{"Position":{"x":-0.009895325638353825,"y":0.6000000238418579,"z":0.41988277435302737},"EventName":"playerPosition"}
{"Position":{"x":-0.00989539921283722,"y":0.6000001430511475,"z":0.4198828339576721},"EventName":"playerPosition"}
{"Position":{"x":-0.009895354509353638,"y":0.6000000238418579,"z":0.41988280415534975},"EventName":"playerPosition"}
{"Position":{"x":-0.009895354509353638,"y":0.6000001430511475,"z":0.41988280415534975},"EventName":"playerPosition"}
{"Position":{"x":-0.009895339608192444,"y":0.6000000238418579,"z":0.41988280415534975},"EventName":"playerPosition"}
{"Position":{"x":-0.009895384311676026,"y":0.6000001430511475,"z":0.4198828339576721},"EventName":"playerPosition"}
{"Position":{"x":-0.009895384311676026,"y":0.6000001430511475,"z":0.4198828637599945},"EventName":"playerPosition"}
{"Position":{"x":-0.009895384311676026,"y":0.6000001430511475,"z":0.4198828339576721},"EventName":"playerPosition"}
{"Position":{"x":-0.009895384311676026,"y":0.6000001430511475,"z":0.4198828339576721},"EventName":"playerPosition"}
{"Position":{"x":-0.009895384311676026,"y":0.6000001430511475,"z":0.4198828339576721},"EventName":"playerPosition"}
