{"Position":{"x":1.3935222625732422,"y":0.6000001430511475,"z":1.6755069494247437},"EventName":"playerPosition"}
{"Position":{"x":1.3935222625732422,"y":0.6000001430511475,"z":1.6755069494247437},"EventName":"playerPosition"}
{"Position":{"x":1.3935222625732422,"y":0.6000001430511475,"z":1.6755069494247437},"EventName":"playerPosition"}
{"Position":{"x":1.3935222625732422,"y":0.6000001430511475,"z":1.6755069494247437},"EventName":"playerPosition"}
{"Position":{"x":1.3935222625732422,"y":0.600000262260437,"z":1.6755069494247437},"EventName":"playerPosition"}
{"Position":{"x":1.3935222625732422,"y":0.6000001430511475,"z":1.6755069494247437},"EventName":"playerPosition"}
{"Position":{"x":1.3935222625732422,"y":0.6000001430511475,"z":1.6755069494247437},"EventName":"playerPosition"}
{"Position":{"x":1.3935222625732422,"y":0.600000262260437,"z":1.6755069494247437},"EventName":"playerPosition"}
{"Position":{"x":1.3935222625732422,"y":0.6000001430511475,"z":1.6755069494247437},"EventName":"playerPosition"}
{"Position":{"x":1.3935222625732422,"y":0.6000001430511475,"z":1.6755069494247437},"EventName":"playerPosition"}
{"Position":{"x":1.3935222625732422,"y":0.600000262260437,"z":1.6755069494247437},"EventName":"playerPosition"}
{"Position":{"x":1.3935222625732422,"y":0.6000001430511475,"z":1.6755069494247437},"EventName":"playerPosition"}
{"Position":{"x":1.3935222625732422,"y":0.6000001430511475,"z":1.6755069494247437},"EventName":"playerPosition"}
{"Position":{"x":1.3935222625732422,"y":0.6000001430511475,"z":1.6755069494247437},"EventName":"playerPosition"}
{"Position":{"x":1.3935222625732422,"y":0.600000262260437,"z":1.6755069494247437},"EventName":"playerPosition"}
{"Position":{"x":1.3935222625732422,"y":0.6000001430511475,"z":1.6755069494247437},"EventName":"playerPosition"}
{"Position":{"x":1.3935222625732422,"y":0.6000001430511475,"z":1.6755069494247437},"EventName":"playerPosition"}
{"Position":{"x":1.3935222625732422,"y":0.6000001430511475,"z":1.6755069494247437},"EventName":"playerPosition"}
{"Position":{"x":1.3935222625732422,"y":0.6000001430511475,"z":1.6755069494247437},"EventName":"playerPosition"}
{"Position":{"x":1.3935222625732422,"y":0.6000001430511475,"z":1.6755069494247437},"EventName":"playerPosition"}
{"Position":{"x":1.3935222625732422,"y":0.6000001430511475,"z":1.6755069494247437},"EventName":"playerPosition"}
{"Position":{"x":1.3935222625732422,"y":0.600000262260437,"z":1.6755069494247437},"EventName":"playerPosition"}
{"Position":{"x":1.3935222625732422,"y":0.6000001430511475,"z":1.6755069494247437},"EventName":"playerPosition"}
{"Position":{"x":1.3935222625732422,"y":0.600000262260437,"z":1.6755069494247437},"EventName":"playerPosition"}
{"Position":{"x":1.3935222625732422,"y":0.600000262260437,"z":1.6755069494247437},"EventName":"playerPosition"}
{"Position":{"x":1.3935222625732422,"y":0.600000262260437,"z":1.6755069494247437},"EventName":"playerPosition"}
{"Position":{"x":1.3935222625732422,"y":0.6000001430511475,"z":1.6755069494247437},"EventName":"playerPosition"}
{"Position":{"x":1.3935222625732422,"y":0.6000001430511475,"z":1.6755069494247437},"EventName":"playerPosition"}
{"Position":{"x":1.3935222625732422,"y":0.6000001430511475,"z":1.6755069494247437},"EventName":"playerPosition"}
{"Position":{"x":1.3935222625732422,"y":0.6000001430511475,"z":1.6755069494247437},"EventName":"playerPosition"}
{"Position":{"x":1.3935222625732422,"y":0.6000001430511475,"z":1.6755069494247437},"EventName":"playerPosition"}
{"Position":{"x":1.3935222625732422,"y":0.6000001430511475,"z":1.6755069494247437},"EventName":"playerPosition"}
{"Position":{"x":1.3935222625732422,"y":0.6000001430511475,"z":1.6755069494247437},"EventName":"playerPosition"}
{"Position":{"x":1.3935222625732422,"y":0.6000001430511475,"z":1.6755069494247437},"EventName":"playerPosition"}
{"Position":{"x":1.3935222625732422,"y":0.6000001430511475,"z":1.6755069494247437},"EventName":"playerPosition"}
{"Position":{"x":1.3935223817825318,"y":0.600000262260437,"z":1.6755069494247437},"EventName":"playerPosition"}
{"Position":{"x":1.3935222625732422,"y":0.6000001430511475,"z":1.6755069494247437},"EventName":"playerPosition"}
{"Position":{"x":1.3935222625732422,"y":0.6000001430511475,"z":1.6755069494247437},"EventName":"playerPosition"}
{"Position":{"x":1.3935223817825318,"y":0.600000262260437,"z":1.6755069494247437},"EventName":"playerPosition"}
{"Position":{"x":1.3935222625732422,"y":0.6000001430511475,"z":1.6755069494247437},"EventName":"playerPosition"}
{"Position":{"x":1.3935223817825318,"y":0.600000262260437,"z":1.6755069494247437},"EventName":"playerPosition"}
{"Position":{"x":1.3935223817825318,"y":0.6000001430511475,"z":1.6755069494247437},"EventName":"playerPosition"}
{"Position":{"x":1.3935222625732422,"y":0.6000001430511475,"z":1.6755069494247437},"EventName":"playerPosition"}
{"Position":{"x":1.3935223817825318,"y":0.600000262260437,"z":1.6755069494247437},"EventName":"playerPosition"}
{"Position":{"x":1.3935222625732422,"y":0.6000001430511475,"z":1.6755069494247437},"EventName":"playerPosition"}
{"Position":{"x":1.3935222625732422,"y":0.6000001430511475,"z":1.6755069494247437},"EventName":"playerPosition"}
{"Position":{"x":1.3935222625732422,"y":0.6000001430511475,"z":1.6755069494247437},"EventName":"playerPosition"}
{"Position":{"x":1.3935223817825318,"y":0.6000001430511475,"z":1.6755069494247437},"EventName":"playerPosition"}
{"Position":{"x":1.3935223817825318,"y":0.6000001430511475,"z":1.6755069494247437},"EventName":"playerPosition"}
{"Position":{"x":1.3935223817825318,"y":0.6000001430511475,"z":1.6755069494247437},"EventName":"playerPosition"}
{"Position":{"x":1.3935223817825318,"y":0.6000001430511475,"z":1.6755069494247437},"EventName":"playerPosition"}
{"Position":{"x":1.3935223817825318,"y":0.600000262260437,"z":1.6755069494247437},"EventName":"playerPosition"}
{"Position":{"x":1.3935223817825318,"y":0.600000262260437,"z":1.6755069494247437},"EventName":"playerPosition"}
{"Position":{"x":1.3935223817825318,"y":0.600000262260437,"z":1.6755069494247437},"EventName":"playerPosition"}
{"Position":{"x":1.3935223817825318,"y":0.600000262260437,"z":1.6755069494247437},"EventName":"playerPosition"}
{"Position":{"x":1.3935223817825318,"y":0.600000262260437,"z":1.6755069494247437},"EventName":"playerPosition"}
{"Position":{"x":1.3935223817825318,"y":0.600000262260437,"z":1.6755069494247437},"EventName":"playerPosition"}
{"Position":{"x":1.3935223817825318,"y":0.6000001430511475,"z":1.6755069494247437},"EventName":"playerPosition"}
{"Position":{"x":1.3935223817825318,"y":0.600000262260437,"z":1.6755069494247437},"EventName":"playerPosition"}
{"Position":{"x":1.3935223817825318,"y":0.600000262260437,"z":1.6755069494247437},"EventName":"playerPosition"}
{"Position":{"x":1.3935222625732422,"y":0.6000001430511475,"z":1.6755069494247437},"EventName":"playerPosition"}
{"Position":{"x":1.3935222625732422,"y":0.6000001430511475,"z":1.6755069494247437},"EventName":"playerPosition"}
{"Position":{"x":1.3935222625732422,"y":0.6000001430511475,"z":1.6755069494247437},"EventName":"playerPosition"}
{"Position":{"x":1.3935222625732422,"y":0.6000001430511475,"z":1.6755069494247437},"EventName":"playerPosition"}
{"Position":{"x":1.3935222625732422,"y":0.6000001430511475,"z":1.6755069494247437},"EventName":"playerPosition"}
{"Position":{"x":1.3935222625732422,"y":0.6000001430511475,"z":1.6755069494247437},"EventName":"playerPosition"}
