{"Position":{"x":2.8357391357421877,"y":0.6000001430511475,"z":3.943760395050049},"EventName":"playerPosition"}
{"Position":{"x":2.8357391357421877,"y":0.6000001430511475,"z":3.943760395050049},"EventName":"playerPosition"}
{"Position":{"x":2.8357391357421877,"y":0.6000001430511475,"z":3.943760395050049},"EventName":"playerPosition"}
{"Position":{"x":2.8357391357421877,"y":0.6000001430511475,"z":3.943760395050049},"EventName":"playerPosition"}
{"Position":{"x":2.8357391357421877,"y":0.6000001430511475,"z":3.943760395050049},"EventName":"playerPosition"}
{"Position":{"x":2.8357391357421877,"y":0.6000001430511475,"z":3.943760395050049},"EventName":"playerPosition"}
{"Position":{"x":2.8357391357421877,"y":0.6000001430511475,"z":3.943760395050049},"EventName":"playerPosition"}
{"Position":{"x":2.8357391357421877,"y":0.6000001430511475,"z":3.943760395050049},"EventName":"playerPosition"}
{"Position":{"x":2.8357391357421877,"y":0.6000001430511475,"z":3.943760395050049},"EventName":"playerPosition"}
{"Position":{"x":2.8357391357421877,"y":0.6000001430511475,"z":3.943760395050049},"EventName":"playerPosition"}
{"Position":{"x":2.8357391357421877,"y":0.6000001430511475,"z":3.943760395050049},"EventName":"playerPosition"}
{"Position":{"x":2.8357391357421877,"y":0.6000001430511475,"z":3.943760395050049},"EventName":"playerPosition"}
{"Position":{"x":2.8357391357421877,"y":0.6000001430511475,"z":3.943760395050049},"EventName":"playerPosition"}
{"Position":{"x":2.8357391357421877,"y":0.600000262260437,"z":3.943760395050049},"EventName":"playerPosition"}
{"Position":{"x":2.8357391357421877,"y":0.6000001430511475,"z":3.943760395050049},"EventName":"playerPosition"}
{"Position":{"x":2.8357391357421877,"y":0.6000001430511475,"z":3.943760395050049},"EventName":"playerPosition"}
{"Position":{"x":2.8357391357421877,"y":0.6000001430511475,"z":3.943760395050049},"EventName":"playerPosition"}
{"Position":{"x":2.8357391357421877,"y":0.6000001430511475,"z":3.943760395050049},"EventName":"playerPosition"}
