{"Position":{"x":0.0,"y":0.6000000238418579,"z":0.0},"EventName":"playerPosition"}
{"Position":{"x":-2.887102015791676e-11,"y":0.6000001430511475,"z":-2.7716173800484968e-9},"EventName":"playerPosition"}
{"Position":{"x":-2.7715850448029045e-13,"y":0.6000000238418579,"z":-2.6607827052771428e-11},"EventName":"playerPosition"}
{"Position":{"x":-2.337389448658911e-10,"y":0.6000001430511475,"z":-7.461852469248243e-9},"EventName":"playerPosition"}
{"Position":{"x":1.1370193675475093e-10,"y":0.6000000238418579,"z":3.6356730959141716e-9},"EventName":"playerPosition"}
{"Position":{"x":-5.6276511228858797e-11,"y":0.6000001430511475,"z":4.684053145354028e-11},"EventName":"playerPosition"}
{"Position":{"x":-4.6265838382630877e-10,"y":0.6000001430511475,"z":-1.1091838558741074e-8},"EventName":"playerPosition"}
{"Position":{"x":-4.662876751382328e-10,"y":0.6000001430511475,"z":-1.119302783791909e-8},"EventName":"playerPosition"}
{"Position":{"x":-4.656723340268343e-10,"y":0.6000001430511475,"z":-1.1176177316940539e-8},"EventName":"playerPosition"}
{"Position":{"x":-4.656606211739245e-10,"y":0.6000001430511475,"z":-1.1175853131817349e-8},"EventName":"playerPosition"}
{"Position":{"x":-4.656615093523442e-10,"y":0.6000001430511475,"z":-1.117587711263468e-8},"EventName":"playerPosition"}
{"Position":{"x":-4.656615093523442e-10,"y":0.6000001430511475,"z":-1.11758780008131e-8},"EventName":"playerPosition"}
{"Position":{"x":-3.5017722055386e-10,"y":0.6000001430511475,"z":-9.328124050966835e-9},"EventName":"playerPosition"}
{"Position":{"x":-4.658356478337566e-10,"y":0.6000001430511475,"z":-1.1178664216515699e-8},"EventName":"playerPosition"}
{"Position":{"x":-4.656649510437205e-10,"y":0.6000001430511475,"z":-1.1175933067875122e-8},"EventName":"playerPosition"}
{"Position":{"x":-4.6566125955216366e-10,"y":0.6000001430511475,"z":-1.1175874448099421e-8},"EventName":"playerPosition"}
{"Position":{"x":-4.656615093523442e-10,"y":0.6000001430511475,"z":-1.11758780008131e-8},"EventName":"playerPosition"}
{"Position":{"x":-3.5017722055386e-10,"y":0.6000001430511475,"z":-9.328124050966835e-9},"EventName":"playerPosition"}
{"Position":{"x":-3.4906855184146936e-10,"y":0.6000001430511475,"z":-9.310386239747004e-9},"EventName":"playerPosition"}
{"Position":{"x":-3.492426903228818e-10,"y":0.6000001430511475,"z":-9.313171567271184e-9},"EventName":"playerPosition"}
{"Position":{"x":1.1268980193435141e-10,"y":0.6000000238418579,"z":3.620977295781813e-9},"EventName":"playerPosition"}
{"Position":{"x":-2.2461581206112413e-12,"y":0.6000001430511475,"z":5.454960927409047e-10},"EventName":"playerPosition"}
{"Position":{"x":-7.19574313329252e-12,"y":0.6000001430511475,"z":1.8573367288610144e-9},"EventName":"playerPosition"}
{"Position":{"x":-2.8936502499687934e-11,"y":0.6000001430511475,"z":1.8647028365847975e-9},"EventName":"playerPosition"}
{"Position":{"x":-2.9137293272585299e-11,"y":0.6000001430511475,"z":1.862674459118807e-9},"EventName":"playerPosition"}
{"Position":{"x":-2.9104437609950298e-11,"y":0.6000001430511475,"z":1.8626432618518152e-9},"EventName":"playerPosition"}
{"Position":{"x":-0.0014138203114271165,"y":0.6000001430511475,"z":0.059983253479003909},"EventName":"playerPosition"}
{"Position":{"x":-0.0028271698392927648,"y":0.6000001430511475,"z":0.11996650695800781},"EventName":"playerPosition"}
{"Position":{"x":-0.004240987356752157,"y":0.6000001430511475,"z":0.17994976043701173},"EventName":"playerPosition"}
{"Position":{"x":-0.005654337350279093,"y":0.6000001430511475,"z":0.23993301391601563},"EventName":"playerPosition"}
{"Position":{"x":-0.007068154867738485,"y":0.6000001430511475,"z":0.29991626739501955},"EventName":"playerPosition"}
{"Position":{"x":-0.008481504395604134,"y":0.6000001430511475,"z":0.35989952087402346},"EventName":"playerPosition"}
{"Position":{"x":-0.0098953228443861,"y":0.6000001430511475,"z":0.41988277435302737},"EventName":"playerPosition"}
{"Position":{"x":-0.00989532470703125,"y":0.6000001430511475,"z":0.41988277435302737},"EventName":"playerPosition"}
{"Position":{"x":-0.00989532470703125,"y":0.6000001430511475,"z":0.41988277435302737},"EventName":"playerPosition"}
{"Position":{"x":-0.00989532470703125,"y":0.6000001430511475,"z":0.41988277435302737},"EventName":"playerPosition"}
{"Position":{"x":-0.00989532470703125,"y":0.6000001430511475,"z":0.41988277435302737},"EventName":"playerPosition"}
{"Position":{"x":-0.00989532470703125,"y":0.6000001430511475,"z":0.41988277435302737},"EventName":"playerPosition"}
{"Position":{"x":-0.00989532470703125,"y":0.6000001430511475,"z":0.41988277435302737},"EventName":"playerPosition"}
{"Position":{"x":-0.00989532470703125,"y":0.6000001430511475,"z":0.41988277435302737},"EventName":"playerPosition"}
{"Position":{"x":-0.00989532470703125,"y":0.6000001430511475,"z":0.41988277435302737},"EventName":"playerPosition"}
{"Position":{"x":-0.00989532470703125,"y":0.6000001430511475,"z":0.41988277435302737},"EventName":"playerPosition"}
{"Position":{"x":-0.00989532470703125,"y":0.6000001430511475,"z":0.41988277435302737},"EventName":"playerPosition"}
{"Position":{"x":-0.00989532470703125,"y":0.6000001430511475,"z":0.41988277435302737},"EventName":"playerPosition"}
{"Position":{"x":-0.00989532470703125,"y":0.6000001430511475,"z":0.41988277435302737},"EventName":"playerPosition"}
{"Position":{"x":-0.00989532470703125,"y":0.6000001430511475,"z":0.41988277435302737},"EventName":"playerPosition"}
{"Position":{"x":-0.00989532470703125,"y":0.6000001430511475,"z":0.41988277435302737},"EventName":"playerPosition"}
{"Position":{"x":-0.00989532470703125,"y":0.6000001430511475,"z":0.41988277435302737},"EventName":"playerPosition"}
{"Position":{"x":-0.00989532470703125,"y":0.6000001430511475,"z":0.41988277435302737},"EventName":"playerPosition"}
{"Position":{"x":-0.00989532470703125,"y":0.6000001430511475,"z":0.41988277435302737},"EventName":"playerPosition"}
{"Position":{"x":-0.00989532470703125,"y":0.6000000238418579,"z":0.41988277435302737},"EventName":"playerPosition"}
{"Position":{"x":-0.00989532470703125,"y":0.6000000238418579,"z":0.41988277435302737},"EventName":"playerPosition"}
{"Position":{"x":-0.00989532470703125,"y":0.6000001430511475,"z":0.41988277435302737},"EventName":"playerPosition"}
{"Position":{"x":-0.00989532470703125,"y":0.6000001430511475,"z":0.41988277435302737},"EventName":"playerPosition"}
{"Position":{"x":-0.00989532470703125,"y":0.6000001430511475,"z":0.41988277435302737},"EventName":"playerPosition"}
{"Position":{"x":-0.00989532470703125,"y":0.6000001430511475,"z":0.41988277435302737},"EventName":"playerPosition"}
{"Position":{"x":-0.00989532470703125,"y":0.6000001430511475,"z":0.41988277435302737},"EventName":"playerPosition"}
{"Position":{"x":-0.00989532470703125,"y":0.6000001430511475,"z":0.41988277435302737},"EventName":"playerPosition"}
{"Position":{"x":-0.00989532470703125,"y":0.6000001430511475,"z":0.41988277435302737},"EventName":"playerPosition"}
{"Position":{"x":-0.00989532470703125,"y":0.6000001430511475,"z":0.41988277435302737},"EventName":"playerPosition"}
{"Position":{"x":-0.00989532470703125,"y":0.6000001430511475,"z":0.41988277435302737},"EventName":"playerPosition"}
{"Position":{"x":-0.00989532470703125,"y":0.6000001430511475,"z":0.41988277435302737},"EventName":"playerPosition"}
{"Position":{"x":-0.00989532470703125,"y":0.6000001430511475,"z":0.41988277435302737},"EventName":"playerPosition"}
{"Position":{"x":-0.00989532470703125,"y":0.6000001430511475,"z":0.41988277435302737},"EventName":"playerPosition"}
{"Position":{"x":-0.00989532470703125,"y":0.6000001430511475,"z":0.41988277435302737},"EventName":"playerPosition"}
{"Position":{"x":-0.00989532470703125,"y":0.6000001430511475,"z":0.41988277435302737},"EventName":"playerPosition"}
{"Position":{"x":-0.00989532470703125,"y":0.6000001430511475,"z":0.41988277435302737},"EventName":"playerPosition"}
{"Position":{"x":-0.00989532470703125,"y":0.6000001430511475,"z":0.41988277435302737},